database.txt;0;412903232;remove_if;32;400000000;;412903232;0.055256;
database.txt;0;412903232;atomicAdd;32;400000000;;412903232;0.058167;
database.txt;1;412903232;remove_if;32;400000000;;412903232;0.051802;
database.txt;1;412903232;atomicAdd;32;400000000;;412903232;0.060397;
database.txt;2;412903232;remove_if;32;400000000;;412903232;0.053853;
database.txt;2;412903232;atomicAdd;32;400000000;;412903232;0.059555;
database.txt;3;412903232;remove_if;32;400000000;;412903232;0.053254;
database.txt;3;412903232;atomicAdd;32;400000000;;412903232;0.061271;
database.txt;4;412903232;remove_if;32;400000000;;412903232;0.053208;
database.txt;4;412903232;atomicAdd;32;400000000;;412903232;0.060168;
database.txt;5;412903232;remove_if;32;400000000;;412903232;0.053343;
database.txt;5;412903232;atomicAdd;32;400000000;;412903232;0.060944;
database.txt;6;412903232;remove_if;32;400000000;;412903232;0.053062;
database.txt;6;412903232;atomicAdd;32;400000000;;412903232;0.060157;
database.txt;7;412903232;remove_if;32;400000000;;412903232;0.053400;
database.txt;7;412903232;atomicAdd;32;400000000;;412903232;0.061312;
database.txt;8;412903232;remove_if;32;400000000;;412903232;0.052436;
database.txt;8;412903232;atomicAdd;32;400000000;;412903232;0.062547;
database.txt;9;412903232;remove_if;32;400000000;;412903232;0.052323;
database.txt;9;412903232;atomicAdd;32;400000000;;412903232;0.063542;
database.txt;10;412903232;remove_if;32;400000000;;412903232;0.052911;
database.txt;10;412903232;atomicAdd;32;400000000;;412903232;0.061875;
database.txt;11;412903232;remove_if;32;400000000;;412903232;0.057068;
database.txt;11;412903232;atomicAdd;32;400000000;;412903232;0.063295;
database.txt;12;412903232;remove_if;32;400000000;;412903232;0.053457;
database.txt;12;412903232;atomicAdd;32;400000000;;412903232;0.058727;
database.txt;13;412903232;remove_if;32;400000000;;412903232;0.052187;
database.txt;13;412903232;atomicAdd;32;400000000;;412903232;0.059187;
database.txt;14;412903232;remove_if;32;400000000;;412903232;0.051823;
database.txt;14;412903232;atomicAdd;32;400000000;;412903232;0.059641;
database.txt;15;412903232;remove_if;32;400000000;;412903232;0.052626;
database.txt;15;412903232;atomicAdd;32;400000000;;412903232;0.063081;
database.txt;16;412903232;remove_if;32;400000000;;412903232;0.052467;
database.txt;16;412903232;atomicAdd;32;400000000;;412903232;0.059382;
database.txt;17;412903232;remove_if;32;400000000;;412903232;0.053008;
database.txt;17;412903232;atomicAdd;32;400000000;;412903232;0.061083;
database.txt;18;412903232;remove_if;32;400000000;;412903232;0.055818;
database.txt;18;412903232;atomicAdd;32;400000000;;412903232;0.059630;
database.txt;19;412903232;remove_if;32;400000000;;412903232;0.053940;
database.txt;19;412903232;atomicAdd;32;400000000;;412903232;0.059279;
database.txt;20;412903232;remove_if;32;400000000;;412903232;0.053416;
database.txt;20;412903232;atomicAdd;32;400000000;;412903232;0.060226;
database.txt;21;412903232;remove_if;32;400000000;;412903232;0.052137;
database.txt;21;412903232;atomicAdd;32;400000000;;412903232;0.059840;
database.txt;22;412903232;remove_if;32;400000000;;412903232;0.052082;
database.txt;22;412903232;atomicAdd;32;400000000;;412903232;0.059227;
database.txt;23;412903232;remove_if;32;400000000;;412903232;0.052067;
database.txt;23;412903232;atomicAdd;32;400000000;;412903232;0.061766;
database.txt;24;412903232;remove_if;32;400000000;;412903232;0.054007;
database.txt;24;412903232;atomicAdd;32;400000000;;412903232;0.061656;
database.txt;25;412903232;remove_if;32;400000000;;412903232;0.053876;
database.txt;25;412903232;atomicAdd;32;400000000;;412903232;0.059922;
database.txt;26;412903232;remove_if;32;400000000;;412903232;0.056265;
database.txt;26;412903232;atomicAdd;32;400000000;;412903232;0.059711;
database.txt;27;412903232;remove_if;32;400000000;;412903232;0.053301;
database.txt;27;412903232;atomicAdd;32;400000000;;412903232;0.059271;
database.txt;28;412903232;remove_if;32;400000000;;412903232;0.051827;
database.txt;28;412903232;atomicAdd;32;400000000;;412903232;0.064164;
database.txt;29;412903232;remove_if;32;400000000;;412903232;0.053092;
database.txt;29;412903232;atomicAdd;32;400000000;;412903232;0.059183;
database.txt;30;412903232;remove_if;32;400000000;;412903232;0.053285;
database.txt;30;412903232;atomicAdd;32;400000000;;412903232;0.061497;
database.txt;31;412903232;remove_if;32;400000000;;412903232;0.111825;
database.txt;31;412903232;atomicAdd;32;400000000;;412903232;0.060444;
database.txt;0;41312;remove_if;32;40000;;41312;0.000327;
database.txt;0;41312;atomicAdd;32;40000;;41312;0.000338;
database.txt;1;41312;remove_if;32;40000;;41312;0.000330;
database.txt;1;41312;atomicAdd;32;40000;;41312;0.000372;
database.txt;2;41312;remove_if;32;40000;;41312;0.000486;
database.txt;2;41312;atomicAdd;32;40000;;41312;0.000381;
database.txt;3;41312;remove_if;32;40000;;41312;0.000322;
database.txt;3;41312;atomicAdd;32;40000;;41312;0.000367;
database.txt;4;41312;remove_if;32;40000;;41312;0.000318;
database.txt;4;41312;atomicAdd;32;40000;;41312;0.000296;
database.txt;5;41312;remove_if;32;40000;;41312;0.000297;
database.txt;5;41312;atomicAdd;32;40000;;41312;0.000455;
database.txt;6;41312;remove_if;32;40000;;41312;0.000285;
database.txt;6;41312;atomicAdd;32;40000;;41312;0.000332;
database.txt;7;41312;remove_if;32;40000;;41312;0.000304;
database.txt;7;41312;atomicAdd;32;40000;;41312;0.000295;
database.txt;8;41312;remove_if;32;40000;;41312;0.000309;
database.txt;8;41312;atomicAdd;32;40000;;41312;0.000325;
database.txt;9;41312;remove_if;32;40000;;41312;0.000317;
database.txt;9;41312;atomicAdd;32;40000;;41312;0.000320;
database.txt;10;41312;remove_if;32;40000;;41312;0.000365;
database.txt;10;41312;atomicAdd;32;40000;;41312;0.000391;
database.txt;11;41312;remove_if;32;40000;;41312;0.000339;
database.txt;11;41312;atomicAdd;32;40000;;41312;0.001111;
database.txt;12;41312;remove_if;32;40000;;41312;0.000335;
database.txt;12;41312;atomicAdd;32;40000;;41312;0.000348;
database.txt;13;41312;remove_if;32;40000;;41312;0.000323;
database.txt;13;41312;atomicAdd;32;40000;;41312;0.000369;
database.txt;14;41312;remove_if;32;40000;;41312;0.000450;
database.txt;14;41312;atomicAdd;32;40000;;41312;0.000352;
database.txt;15;41312;remove_if;32;40000;;41312;0.000325;
database.txt;15;41312;atomicAdd;32;40000;;41312;0.000320;
database.txt;16;41312;remove_if;32;40000;;41312;0.000317;
database.txt;16;41312;atomicAdd;32;40000;;41312;0.000748;
database.txt;17;41312;remove_if;32;40000;;41312;0.000314;
database.txt;17;41312;atomicAdd;32;40000;;41312;0.000676;
database.txt;18;41312;remove_if;32;40000;;41312;0.000378;
database.txt;18;41312;atomicAdd;32;40000;;41312;0.000544;
database.txt;19;41312;remove_if;32;40000;;41312;0.000449;
database.txt;19;41312;atomicAdd;32;40000;;41312;0.000334;
database.txt;20;41312;remove_if;32;40000;;41312;0.000346;
database.txt;20;41312;atomicAdd;32;40000;;41312;0.000506;
database.txt;21;41312;remove_if;32;40000;;41312;0.000262;
database.txt;21;41312;atomicAdd;32;40000;;41312;0.000268;
database.txt;22;41312;remove_if;32;40000;;41312;0.000288;
database.txt;22;41312;atomicAdd;32;40000;;41312;0.000285;
database.txt;23;41312;remove_if;32;40000;;41312;0.000331;
database.txt;23;41312;atomicAdd;32;40000;;41312;0.000338;
database.txt;24;41312;remove_if;32;40000;;41312;0.000597;
database.txt;24;41312;atomicAdd;32;40000;;41312;0.001355;
database.txt;25;41312;remove_if;32;40000;;41312;0.000297;
database.txt;25;41312;atomicAdd;32;40000;;41312;0.000397;
database.txt;26;41312;remove_if;32;40000;;41312;0.000271;
database.txt;26;41312;atomicAdd;32;40000;;41312;0.000248;
database.txt;27;41312;remove_if;32;40000;;41312;0.000239;
database.txt;27;41312;atomicAdd;32;40000;;41312;0.000240;
database.txt;28;41312;remove_if;32;40000;;41312;0.000304;
database.txt;28;41312;atomicAdd;32;40000;;41312;0.000232;
database.txt;29;41312;remove_if;32;40000;;41312;0.000226;
database.txt;29;41312;atomicAdd;32;40000;;41312;0.000241;
database.txt;30;41312;remove_if;32;40000;;41312;0.000288;
database.txt;30;41312;atomicAdd;32;40000;;41312;0.000343;
database.txt;31;41312;remove_if;32;40000;;41312;0.000391;
database.txt;31;41312;atomicAdd;32;40000;;41312;0.000527;
database.txt;32;41312;remove_if;32;40000;;41312;0.000257;
database.txt;32;41312;atomicAdd;32;40000;;41312;0.000264;
database.txt;33;41312;remove_if;32;40000;;41312;0.000339;
database.txt;33;41312;atomicAdd;32;40000;;41312;0.000419;
database.txt;34;41312;remove_if;32;40000;;41312;0.000739;
database.txt;34;41312;atomicAdd;32;40000;;41312;0.001027;
database.txt;35;41312;remove_if;32;40000;;41312;0.000407;
database.txt;35;41312;atomicAdd;32;40000;;41312;0.000317;
database.txt;36;41312;remove_if;32;40000;;41312;0.000299;
database.txt;36;41312;atomicAdd;32;40000;;41312;0.000339;
database.txt;37;41312;remove_if;32;40000;;41312;0.000295;
database.txt;37;41312;atomicAdd;32;40000;;41312;0.000303;
database.txt;38;41312;remove_if;32;40000;;41312;0.000339;
database.txt;38;41312;atomicAdd;32;40000;;41312;0.000491;
database.txt;39;41312;remove_if;32;40000;;41312;0.000286;
database.txt;39;41312;atomicAdd;32;40000;;41312;0.000736;
database.txt;40;41312;remove_if;32;40000;;41312;0.000287;
database.txt;40;41312;atomicAdd;32;40000;;41312;0.000279;
database.txt;41;41312;remove_if;32;40000;;41312;0.000272;
database.txt;41;41312;atomicAdd;32;40000;;41312;0.000272;
database.txt;42;41312;remove_if;32;40000;;41312;0.000296;
database.txt;42;41312;atomicAdd;32;40000;;41312;0.001123;
database.txt;43;41312;remove_if;32;40000;;41312;0.000334;
database.txt;43;41312;atomicAdd;32;40000;;41312;0.000275;
database.txt;44;41312;remove_if;32;40000;;41312;0.000350;
database.txt;44;41312;atomicAdd;32;40000;;41312;0.000267;
database.txt;45;41312;remove_if;32;40000;;41312;0.000356;
database.txt;45;41312;atomicAdd;32;40000;;41312;0.000245;
database.txt;46;41312;remove_if;32;40000;;41312;0.000302;
database.txt;46;41312;atomicAdd;32;40000;;41312;0.000255;
database.txt;47;41312;remove_if;32;40000;;41312;0.000257;
database.txt;47;41312;atomicAdd;32;40000;;41312;0.000360;
database.txt;48;41312;remove_if;32;40000;;41312;0.000391;
database.txt;48;41312;atomicAdd;32;40000;;41312;0.000308;
database.txt;49;41312;remove_if;32;40000;;41312;0.000318;
database.txt;49;41312;atomicAdd;32;40000;;41312;0.000526;
database.txt;50;41312;remove_if;32;40000;;41312;0.000417;
database.txt;50;41312;atomicAdd;32;40000;;41312;0.000284;
database.txt;51;41312;remove_if;32;40000;;41312;0.000360;
database.txt;51;41312;atomicAdd;32;40000;;41312;0.000304;
database.txt;52;41312;remove_if;32;40000;;41312;0.000313;
database.txt;52;41312;atomicAdd;32;40000;;41312;0.000310;
database.txt;53;41312;remove_if;32;40000;;41312;0.000353;
database.txt;53;41312;atomicAdd;32;40000;;41312;0.000384;
database.txt;54;41312;remove_if;32;40000;;41312;0.000446;
database.txt;54;41312;atomicAdd;32;40000;;41312;0.000302;
database.txt;55;41312;remove_if;32;40000;;41312;0.000330;
database.txt;55;41312;atomicAdd;32;40000;;41312;0.000366;
database.txt;56;41312;remove_if;32;40000;;41312;0.000330;
database.txt;56;41312;atomicAdd;32;40000;;41312;0.000362;
database.txt;57;41312;remove_if;32;40000;;41312;0.000330;
database.txt;57;41312;atomicAdd;32;40000;;41312;0.000337;
database.txt;58;41312;remove_if;32;40000;;41312;0.000554;
database.txt;58;41312;atomicAdd;32;40000;;41312;0.000243;
database.txt;59;41312;remove_if;32;40000;;41312;0.000349;
database.txt;59;41312;atomicAdd;32;40000;;41312;0.000359;
database.txt;60;41312;remove_if;32;40000;;41312;0.000345;
database.txt;60;41312;atomicAdd;32;40000;;41312;0.000418;
database.txt;61;41312;remove_if;32;40000;;41312;0.000315;
database.txt;61;41312;atomicAdd;32;40000;;41312;0.000300;
database.txt;62;41312;remove_if;32;40000;;41312;0.000462;
database.txt;62;41312;atomicAdd;32;40000;;41312;0.000408;
database.txt;63;41312;remove_if;32;40000;;41312;0.000352;
database.txt;63;41312;atomicAdd;32;40000;;41312;0.000321;
database.txt;64;41312;remove_if;32;40000;;41312;0.000324;
database.txt;64;41312;atomicAdd;32;40000;;41312;0.000336;
database.txt;65;41312;remove_if;32;40000;;41312;0.000342;
database.txt;65;41312;atomicAdd;32;40000;;41312;0.000293;
database.txt;66;41312;remove_if;32;40000;;41312;0.000288;
database.txt;66;41312;atomicAdd;32;40000;;41312;0.000494;
database.txt;67;41312;remove_if;32;40000;;41312;0.000329;
database.txt;67;41312;atomicAdd;32;40000;;41312;0.000299;
database.txt;68;41312;remove_if;32;40000;;41312;0.000518;
database.txt;68;41312;atomicAdd;32;40000;;41312;0.000387;
database.txt;69;41312;remove_if;32;40000;;41312;0.000442;
database.txt;69;41312;atomicAdd;32;40000;;41312;0.000307;
database.txt;70;41312;remove_if;32;40000;;41312;0.000463;
database.txt;70;41312;atomicAdd;32;40000;;41312;0.000589;
database.txt;71;41312;remove_if;32;40000;;41312;0.000299;
database.txt;71;41312;atomicAdd;32;40000;;41312;0.000362;
database.txt;72;41312;remove_if;32;40000;;41312;0.000442;
database.txt;72;41312;atomicAdd;32;40000;;41312;0.000299;
database.txt;73;41312;remove_if;32;40000;;41312;0.000370;
database.txt;73;41312;atomicAdd;32;40000;;41312;0.000360;
database.txt;74;41312;remove_if;32;40000;;41312;0.000342;
database.txt;74;41312;atomicAdd;32;40000;;41312;0.000470;
database.txt;75;41312;remove_if;32;40000;;41312;0.000321;
database.txt;75;41312;atomicAdd;32;40000;;41312;0.000460;
database.txt;76;41312;remove_if;32;40000;;41312;0.000561;
database.txt;76;41312;atomicAdd;32;40000;;41312;0.000371;
database.txt;77;41312;remove_if;32;40000;;41312;0.000412;
database.txt;77;41312;atomicAdd;32;40000;;41312;0.000342;
database.txt;78;41312;remove_if;32;40000;;41312;0.000483;
database.txt;78;41312;atomicAdd;32;40000;;41312;0.000399;
database.txt;79;41312;remove_if;32;40000;;41312;0.000356;
database.txt;79;41312;atomicAdd;32;40000;;41312;0.000532;
database.txt;80;41312;remove_if;32;40000;;41312;0.000361;
database.txt;80;41312;atomicAdd;32;40000;;41312;0.000365;
database.txt;81;41312;remove_if;32;40000;;41312;0.000474;
database.txt;81;41312;atomicAdd;32;40000;;41312;0.000314;
database.txt;82;41312;remove_if;32;40000;;41312;0.000363;
database.txt;82;41312;atomicAdd;32;40000;;41312;0.000319;
database.txt;83;41312;remove_if;32;40000;;41312;0.000374;
database.txt;83;41312;atomicAdd;32;40000;;41312;0.000344;
database.txt;84;41312;remove_if;32;40000;;41312;0.000338;
database.txt;84;41312;atomicAdd;32;40000;;41312;0.000319;
database.txt;85;41312;remove_if;32;40000;;41312;0.000443;
database.txt;85;41312;atomicAdd;32;40000;;41312;0.000331;
database.txt;86;41312;remove_if;32;40000;;41312;0.000294;
database.txt;86;41312;atomicAdd;32;40000;;41312;0.000318;
database.txt;87;41312;remove_if;32;40000;;41312;0.000353;
database.txt;87;41312;atomicAdd;32;40000;;41312;0.000293;
database.txt;88;41312;remove_if;32;40000;;41312;0.000356;
database.txt;88;41312;atomicAdd;32;40000;;41312;0.000355;
database.txt;89;41312;remove_if;32;40000;;41312;0.000331;
database.txt;89;41312;atomicAdd;32;40000;;41312;0.000349;
database.txt;90;41312;remove_if;32;40000;;41312;0.000368;
database.txt;90;41312;atomicAdd;32;40000;;41312;0.000477;
database.txt;91;41312;remove_if;32;40000;;41312;0.000355;
database.txt;91;41312;atomicAdd;32;40000;;41312;0.000334;
database.txt;92;41312;remove_if;32;40000;;41312;0.000445;
database.txt;92;41312;atomicAdd;32;40000;;41312;0.000405;
database.txt;93;41312;remove_if;32;40000;;41312;0.000276;
database.txt;93;41312;atomicAdd;32;40000;;41312;0.000359;
database.txt;94;41312;remove_if;32;40000;;41312;0.000263;
database.txt;94;41312;atomicAdd;32;40000;;41312;0.000411;
database.txt;95;41312;remove_if;32;40000;;41312;0.000275;
database.txt;95;41312;atomicAdd;32;40000;;41312;0.000234;
database.txt;96;41312;remove_if;32;40000;;41312;0.000258;
database.txt;96;41312;atomicAdd;32;40000;;41312;0.000262;
database.txt;97;41312;remove_if;32;40000;;41312;0.000281;
database.txt;97;41312;atomicAdd;32;40000;;41312;0.000828;
database.txt;98;41312;remove_if;32;40000;;41312;0.000266;
database.txt;98;41312;atomicAdd;32;40000;;41312;0.000241;
database.txt;99;41312;remove_if;32;40000;;41312;0.000227;
database.txt;99;41312;atomicAdd;32;40000;;41312;0.000234;
database.txt;100;41312;remove_if;32;40000;;41312;0.000395;
database.txt;100;41312;atomicAdd;32;40000;;41312;0.000255;
database.txt;101;41312;remove_if;32;40000;;41312;0.000254;
database.txt;101;41312;atomicAdd;32;40000;;41312;0.000277;
database.txt;102;41312;remove_if;32;40000;;41312;0.000301;
database.txt;102;41312;atomicAdd;32;40000;;41312;0.000654;
database.txt;103;41312;remove_if;32;40000;;41312;0.000336;
database.txt;103;41312;atomicAdd;32;40000;;41312;0.000269;
database.txt;104;41312;remove_if;32;40000;;41312;0.000273;
database.txt;104;41312;atomicAdd;32;40000;;41312;0.000274;
database.txt;105;41312;remove_if;32;40000;;41312;0.000304;
database.txt;105;41312;atomicAdd;32;40000;;41312;0.000363;
database.txt;106;41312;remove_if;32;40000;;41312;0.000287;
database.txt;106;41312;atomicAdd;32;40000;;41312;0.000251;
database.txt;107;41312;remove_if;32;40000;;41312;0.000259;
database.txt;107;41312;atomicAdd;32;40000;;41312;0.000251;
database.txt;108;41312;remove_if;32;40000;;41312;0.000363;
database.txt;108;41312;atomicAdd;32;40000;;41312;0.000399;
database.txt;109;41312;remove_if;32;40000;;41312;0.000292;
database.txt;109;41312;atomicAdd;32;40000;;41312;0.000278;
database.txt;110;41312;remove_if;32;40000;;41312;0.000311;
database.txt;110;41312;atomicAdd;32;40000;;41312;0.000260;
database.txt;111;41312;remove_if;32;40000;;41312;0.000293;
database.txt;111;41312;atomicAdd;32;40000;;41312;0.000330;
database.txt;112;41312;remove_if;32;40000;;41312;0.000297;
database.txt;112;41312;atomicAdd;32;40000;;41312;0.000271;
database.txt;113;41312;remove_if;32;40000;;41312;0.000300;
database.txt;113;41312;atomicAdd;32;40000;;41312;0.000277;
database.txt;114;41312;remove_if;32;40000;;41312;0.000253;
database.txt;114;41312;atomicAdd;32;40000;;41312;0.000310;
database.txt;115;41312;remove_if;32;40000;;41312;0.000227;
database.txt;115;41312;atomicAdd;32;40000;;41312;0.000224;
database.txt;116;41312;remove_if;32;40000;;41312;0.000220;
database.txt;116;41312;atomicAdd;32;40000;;41312;0.000228;
database.txt;117;41312;remove_if;32;40000;;41312;0.000500;
database.txt;117;41312;atomicAdd;32;40000;;41312;0.000278;
database.txt;118;41312;remove_if;32;40000;;41312;0.000234;
database.txt;118;41312;atomicAdd;32;40000;;41312;0.000234;
database.txt;119;41312;remove_if;32;40000;;41312;0.000251;
database.txt;119;41312;atomicAdd;32;40000;;41312;0.000652;
database.txt;120;41312;remove_if;32;40000;;41312;0.000260;
database.txt;120;41312;atomicAdd;32;40000;;41312;0.000262;
database.txt;121;41312;remove_if;32;40000;;41312;0.000337;
database.txt;121;41312;atomicAdd;32;40000;;41312;0.000271;
database.txt;122;41312;remove_if;32;40000;;41312;0.000370;
database.txt;122;41312;atomicAdd;32;40000;;41312;0.000452;
database.txt;123;41312;remove_if;32;40000;;41312;0.000243;
database.txt;123;41312;atomicAdd;32;40000;;41312;0.000321;
database.txt;124;41312;remove_if;32;40000;;41312;0.000325;
database.txt;124;41312;atomicAdd;32;40000;;41312;0.000236;
database.txt;125;41312;remove_if;32;40000;;41312;0.000396;
database.txt;125;41312;atomicAdd;32;40000;;41312;0.000288;
database.txt;126;41312;remove_if;32;40000;;41312;0.000357;
database.txt;126;41312;atomicAdd;32;40000;;41312;0.000262;
database.txt;127;41312;remove_if;32;40000;;41312;0.000240;
database.txt;127;41312;atomicAdd;32;40000;;41312;0.000243;
database.txt;128;41312;remove_if;32;40000;;41312;0.000466;
database.txt;128;41312;atomicAdd;32;40000;;41312;0.000414;
database.txt;129;41312;remove_if;32;40000;;41312;0.000237;
database.txt;129;41312;atomicAdd;32;40000;;41312;0.000253;
database.txt;130;41312;remove_if;32;40000;;41312;0.000258;
database.txt;130;41312;atomicAdd;32;40000;;41312;0.000241;
database.txt;131;41312;remove_if;32;40000;;41312;0.000442;
database.txt;131;41312;atomicAdd;32;40000;;41312;0.000314;
database.txt;132;41312;remove_if;32;40000;;41312;0.000287;
database.txt;132;41312;atomicAdd;32;40000;;41312;0.000232;
database.txt;133;41312;remove_if;32;40000;;41312;0.000225;
database.txt;133;41312;atomicAdd;32;40000;;41312;0.000241;
database.txt;134;41312;remove_if;32;40000;;41312;0.000242;
database.txt;134;41312;atomicAdd;32;40000;;41312;0.000490;
database.txt;135;41312;remove_if;32;40000;;41312;0.000265;
database.txt;135;41312;atomicAdd;32;40000;;41312;0.000255;
database.txt;136;41312;remove_if;32;40000;;41312;0.000299;
database.txt;136;41312;atomicAdd;32;40000;;41312;0.000237;
database.txt;137;41312;remove_if;32;40000;;41312;0.000250;
database.txt;137;41312;atomicAdd;32;40000;;41312;0.000248;
database.txt;138;41312;remove_if;32;40000;;41312;0.000215;
database.txt;138;41312;atomicAdd;32;40000;;41312;0.000225;
database.txt;139;41312;remove_if;32;40000;;41312;0.000278;
database.txt;139;41312;atomicAdd;32;40000;;41312;0.000232;
database.txt;140;41312;remove_if;32;40000;;41312;0.000291;
database.txt;140;41312;atomicAdd;32;40000;;41312;0.000506;
database.txt;141;41312;remove_if;32;40000;;41312;0.000230;
database.txt;141;41312;atomicAdd;32;40000;;41312;0.000237;
database.txt;142;41312;remove_if;32;40000;;41312;0.000224;
database.txt;142;41312;atomicAdd;32;40000;;41312;0.000236;
database.txt;143;41312;remove_if;32;40000;;41312;0.000316;
database.txt;143;41312;atomicAdd;32;40000;;41312;0.000233;
database.txt;144;41312;remove_if;32;40000;;41312;0.000238;
database.txt;144;41312;atomicAdd;32;40000;;41312;0.000238;
database.txt;145;41312;remove_if;32;40000;;41312;0.000217;
database.txt;145;41312;atomicAdd;32;40000;;41312;0.000245;
database.txt;146;41312;remove_if;32;40000;;41312;0.000277;
database.txt;146;41312;atomicAdd;32;40000;;41312;0.000403;
database.txt;147;41312;remove_if;32;40000;;41312;0.000274;
database.txt;147;41312;atomicAdd;32;40000;;41312;0.000261;
database.txt;148;41312;remove_if;32;40000;;41312;0.000216;
database.txt;148;41312;atomicAdd;32;40000;;41312;0.000228;
database.txt;149;41312;remove_if;32;40000;;41312;0.000225;
database.txt;149;41312;atomicAdd;32;40000;;41312;0.000233;
database.txt;150;41312;remove_if;32;40000;;41312;0.000240;
database.txt;150;41312;atomicAdd;32;40000;;41312;0.000236;
database.txt;151;41312;remove_if;32;40000;;41312;0.000211;
database.txt;151;41312;atomicAdd;32;40000;;41312;0.000224;
database.txt;152;41312;remove_if;32;40000;;41312;0.000343;
database.txt;152;41312;atomicAdd;32;40000;;41312;0.000352;
database.txt;153;41312;remove_if;32;40000;;41312;0.000257;
database.txt;153;41312;atomicAdd;32;40000;;41312;0.000244;
database.txt;154;41312;remove_if;32;40000;;41312;0.000257;
database.txt;154;41312;atomicAdd;32;40000;;41312;0.000251;
database.txt;155;41312;remove_if;32;40000;;41312;0.000247;
database.txt;155;41312;atomicAdd;32;40000;;41312;0.000231;
database.txt;156;41312;remove_if;32;40000;;41312;0.000254;
database.txt;156;41312;atomicAdd;32;40000;;41312;0.000237;
database.txt;157;41312;remove_if;32;40000;;41312;0.000236;
database.txt;157;41312;atomicAdd;32;40000;;41312;0.000221;
database.txt;158;41312;remove_if;32;40000;;41312;0.000229;
database.txt;158;41312;atomicAdd;32;40000;;41312;0.000310;
database.txt;159;41312;remove_if;32;40000;;41312;0.000254;
database.txt;159;41312;atomicAdd;32;40000;;41312;0.000229;
database.txt;160;41312;remove_if;32;40000;;41312;0.000209;
database.txt;160;41312;atomicAdd;32;40000;;41312;0.000231;
database.txt;161;41312;remove_if;32;40000;;41312;0.000213;
database.txt;161;41312;atomicAdd;32;40000;;41312;0.000225;
database.txt;162;41312;remove_if;32;40000;;41312;0.000208;
database.txt;162;41312;atomicAdd;32;40000;;41312;0.000334;
database.txt;163;41312;remove_if;32;40000;;41312;0.000297;
database.txt;163;41312;atomicAdd;32;40000;;41312;0.000236;
database.txt;164;41312;remove_if;32;40000;;41312;0.000213;
database.txt;164;41312;atomicAdd;32;40000;;41312;0.000290;
database.txt;165;41312;remove_if;32;40000;;41312;0.000440;
database.txt;165;41312;atomicAdd;32;40000;;41312;0.000246;
database.txt;166;41312;remove_if;32;40000;;41312;0.000221;
database.txt;166;41312;atomicAdd;32;40000;;41312;0.000229;
database.txt;167;41312;remove_if;32;40000;;41312;0.000222;
database.txt;167;41312;atomicAdd;32;40000;;41312;0.000230;
database.txt;168;41312;remove_if;32;40000;;41312;0.000217;
database.txt;168;41312;atomicAdd;32;40000;;41312;0.000237;
database.txt;169;41312;remove_if;32;40000;;41312;0.000252;
database.txt;169;41312;atomicAdd;32;40000;;41312;0.000223;
database.txt;170;41312;remove_if;32;40000;;41312;0.000209;
database.txt;170;41312;atomicAdd;32;40000;;41312;0.000239;
database.txt;171;41312;remove_if;32;40000;;41312;0.000493;
database.txt;171;41312;atomicAdd;32;40000;;41312;0.000309;
database.txt;172;41312;remove_if;32;40000;;41312;0.000219;
database.txt;172;41312;atomicAdd;32;40000;;41312;0.000233;
database.txt;173;41312;remove_if;32;40000;;41312;0.000238;
database.txt;173;41312;atomicAdd;32;40000;;41312;0.000229;
database.txt;174;41312;remove_if;32;40000;;41312;0.000279;
database.txt;174;41312;atomicAdd;32;40000;;41312;0.000453;
database.txt;175;41312;remove_if;32;40000;;41312;0.000266;
database.txt;175;41312;atomicAdd;32;40000;;41312;0.000236;
database.txt;176;41312;remove_if;32;40000;;41312;0.000307;
database.txt;176;41312;atomicAdd;32;40000;;41312;0.000321;
database.txt;177;41312;remove_if;32;40000;;41312;0.000480;
database.txt;177;41312;atomicAdd;32;40000;;41312;0.000252;
database.txt;178;41312;remove_if;32;40000;;41312;0.000241;
database.txt;178;41312;atomicAdd;32;40000;;41312;0.000234;
database.txt;179;41312;remove_if;32;40000;;41312;0.000224;
database.txt;179;41312;atomicAdd;32;40000;;41312;0.000258;
database.txt;180;41312;remove_if;32;40000;;41312;0.000233;
database.txt;180;41312;atomicAdd;32;40000;;41312;0.000622;
database.txt;181;41312;remove_if;32;40000;;41312;0.000279;
database.txt;181;41312;atomicAdd;32;40000;;41312;0.000262;
database.txt;182;41312;remove_if;32;40000;;41312;0.000265;
database.txt;182;41312;atomicAdd;32;40000;;41312;0.000334;
database.txt;183;41312;remove_if;32;40000;;41312;0.000294;
database.txt;183;41312;atomicAdd;32;40000;;41312;0.000265;
database.txt;184;41312;remove_if;32;40000;;41312;0.000302;
database.txt;184;41312;atomicAdd;32;40000;;41312;0.000337;
database.txt;185;41312;remove_if;32;40000;;41312;0.000243;
database.txt;185;41312;atomicAdd;32;40000;;41312;0.000265;
database.txt;186;41312;remove_if;32;40000;;41312;0.000418;
database.txt;186;41312;atomicAdd;32;40000;;41312;0.000281;
database.txt;187;41312;remove_if;32;40000;;41312;0.000305;
database.txt;187;41312;atomicAdd;32;40000;;41312;0.000278;
database.txt;188;41312;remove_if;32;40000;;41312;0.000306;
database.txt;188;41312;atomicAdd;32;40000;;41312;0.000249;
database.txt;189;41312;remove_if;32;40000;;41312;0.000252;
database.txt;189;41312;atomicAdd;32;40000;;41312;0.000242;
database.txt;190;41312;remove_if;32;40000;;41312;0.000276;
database.txt;190;41312;atomicAdd;32;40000;;41312;0.000240;
database.txt;191;41312;remove_if;32;40000;;41312;0.000520;
database.txt;191;41312;atomicAdd;32;40000;;41312;0.000544;
database.txt;192;41312;remove_if;32;40000;;41312;0.000258;
database.txt;192;41312;atomicAdd;32;40000;;41312;0.000321;
database.txt;193;41312;remove_if;32;40000;;41312;0.000262;
database.txt;193;41312;atomicAdd;32;40000;;41312;0.000374;
database.txt;194;41312;remove_if;32;40000;;41312;0.000305;
database.txt;194;41312;atomicAdd;32;40000;;41312;0.000292;
database.txt;195;41312;remove_if;32;40000;;41312;0.000223;
database.txt;195;41312;atomicAdd;32;40000;;41312;0.000306;
database.txt;196;41312;remove_if;32;40000;;41312;0.000214;
database.txt;196;41312;atomicAdd;32;40000;;41312;0.000336;
database.txt;197;41312;remove_if;32;40000;;41312;0.000265;
database.txt;197;41312;atomicAdd;32;40000;;41312;0.000252;
database.txt;198;41312;remove_if;32;40000;;41312;0.000271;
database.txt;198;41312;atomicAdd;32;40000;;41312;0.000237;
database.txt;199;41312;remove_if;32;40000;;41312;0.000216;
database.txt;199;41312;atomicAdd;32;40000;;41312;0.000397;
database.txt;200;41312;remove_if;32;40000;;41312;0.000229;
database.txt;200;41312;atomicAdd;32;40000;;41312;0.000240;
database.txt;201;41312;remove_if;32;40000;;41312;0.000252;
database.txt;201;41312;atomicAdd;32;40000;;41312;0.000229;
database.txt;202;41312;remove_if;32;40000;;41312;0.000332;
database.txt;202;41312;atomicAdd;32;40000;;41312;0.000513;
database.txt;203;41312;remove_if;32;40000;;41312;0.000275;
database.txt;203;41312;atomicAdd;32;40000;;41312;0.000297;
database.txt;204;41312;remove_if;32;40000;;41312;0.000235;
database.txt;204;41312;atomicAdd;32;40000;;41312;0.000278;
database.txt;205;41312;remove_if;32;40000;;41312;0.000209;
database.txt;205;41312;atomicAdd;32;40000;;41312;0.000303;
database.txt;206;41312;remove_if;32;40000;;41312;0.000269;
database.txt;206;41312;atomicAdd;32;40000;;41312;0.000239;
database.txt;207;41312;remove_if;32;40000;;41312;0.000262;
database.txt;207;41312;atomicAdd;32;40000;;41312;0.000251;
database.txt;208;41312;remove_if;32;40000;;41312;0.000330;
database.txt;208;41312;atomicAdd;32;40000;;41312;0.000260;
database.txt;209;41312;remove_if;32;40000;;41312;0.000241;
database.txt;209;41312;atomicAdd;32;40000;;41312;0.000256;
database.txt;210;41312;remove_if;32;40000;;41312;0.000730;
database.txt;210;41312;atomicAdd;32;40000;;41312;0.000265;
database.txt;211;41312;remove_if;32;40000;;41312;0.000226;
database.txt;211;41312;atomicAdd;32;40000;;41312;0.000238;
database.txt;212;41312;remove_if;32;40000;;41312;0.000244;
database.txt;212;41312;atomicAdd;32;40000;;41312;0.000289;
database.txt;213;41312;remove_if;32;40000;;41312;0.000265;
database.txt;213;41312;atomicAdd;32;40000;;41312;0.000248;
database.txt;214;41312;remove_if;32;40000;;41312;0.000242;
database.txt;214;41312;atomicAdd;32;40000;;41312;0.000302;
database.txt;215;41312;remove_if;32;40000;;41312;0.000244;
database.txt;215;41312;atomicAdd;32;40000;;41312;0.000306;
database.txt;216;41312;remove_if;32;40000;;41312;0.000266;
database.txt;216;41312;atomicAdd;32;40000;;41312;0.000237;
database.txt;217;41312;remove_if;32;40000;;41312;0.000248;
database.txt;217;41312;atomicAdd;32;40000;;41312;0.000231;
database.txt;218;41312;remove_if;32;40000;;41312;0.000841;
database.txt;218;41312;atomicAdd;32;40000;;41312;0.000296;
database.txt;219;41312;remove_if;32;40000;;41312;0.000261;
database.txt;219;41312;atomicAdd;32;40000;;41312;0.000271;
database.txt;220;41312;remove_if;32;40000;;41312;0.000305;
database.txt;220;41312;atomicAdd;32;40000;;41312;0.000258;
database.txt;221;41312;remove_if;32;40000;;41312;0.000313;
database.txt;221;41312;atomicAdd;32;40000;;41312;0.000266;
database.txt;222;41312;remove_if;32;40000;;41312;0.000220;
database.txt;222;41312;atomicAdd;32;40000;;41312;0.000306;
database.txt;223;41312;remove_if;32;40000;;41312;0.000312;
database.txt;223;41312;atomicAdd;32;40000;;41312;0.000580;
database.txt;224;41312;remove_if;32;40000;;41312;0.000241;
database.txt;224;41312;atomicAdd;32;40000;;41312;0.000312;
database.txt;225;41312;remove_if;32;40000;;41312;0.000219;
database.txt;225;41312;atomicAdd;32;40000;;41312;0.000214;
database.txt;226;41312;remove_if;32;40000;;41312;0.000219;
database.txt;226;41312;atomicAdd;32;40000;;41312;0.000221;
database.txt;227;41312;remove_if;32;40000;;41312;0.000256;
database.txt;227;41312;atomicAdd;32;40000;;41312;0.000252;
database.txt;228;41312;remove_if;32;40000;;41312;0.000239;
database.txt;228;41312;atomicAdd;32;40000;;41312;0.000282;
database.txt;229;41312;remove_if;32;40000;;41312;0.000308;
database.txt;229;41312;atomicAdd;32;40000;;41312;0.000552;
database.txt;230;41312;remove_if;32;40000;;41312;0.000241;
database.txt;230;41312;atomicAdd;32;40000;;41312;0.000233;
database.txt;231;41312;remove_if;32;40000;;41312;0.000254;
database.txt;231;41312;atomicAdd;32;40000;;41312;0.000249;
database.txt;232;41312;remove_if;32;40000;;41312;0.000242;
database.txt;232;41312;atomicAdd;32;40000;;41312;0.000233;
database.txt;233;41312;remove_if;32;40000;;41312;0.000266;
database.txt;233;41312;atomicAdd;32;40000;;41312;0.000240;
database.txt;234;41312;remove_if;32;40000;;41312;0.000263;
database.txt;234;41312;atomicAdd;32;40000;;41312;0.000246;
database.txt;235;41312;remove_if;32;40000;;41312;0.000306;
database.txt;235;41312;atomicAdd;32;40000;;41312;0.000249;
database.txt;236;41312;remove_if;32;40000;;41312;0.000234;
database.txt;236;41312;atomicAdd;32;40000;;41312;0.000272;
database.txt;237;41312;remove_if;32;40000;;41312;0.000222;
database.txt;237;41312;atomicAdd;32;40000;;41312;0.000283;
database.txt;238;41312;remove_if;32;40000;;41312;0.000384;
database.txt;238;41312;atomicAdd;32;40000;;41312;0.000442;
database.txt;239;41312;remove_if;32;40000;;41312;0.000360;
database.txt;239;41312;atomicAdd;32;40000;;41312;0.000258;
database.txt;240;41312;remove_if;32;40000;;41312;0.000276;
database.txt;240;41312;atomicAdd;32;40000;;41312;0.000269;
database.txt;241;41312;remove_if;32;40000;;41312;0.000242;
database.txt;241;41312;atomicAdd;32;40000;;41312;0.000229;
database.txt;242;41312;remove_if;32;40000;;41312;0.000257;
database.txt;242;41312;atomicAdd;32;40000;;41312;0.000249;
database.txt;243;41312;remove_if;32;40000;;41312;0.000243;
database.txt;243;41312;atomicAdd;32;40000;;41312;0.000463;
database.txt;244;41312;remove_if;32;40000;;41312;0.000306;
database.txt;244;41312;atomicAdd;32;40000;;41312;0.000334;
database.txt;245;41312;remove_if;32;40000;;41312;0.000328;
database.txt;245;41312;atomicAdd;32;40000;;41312;0.000300;
database.txt;246;41312;remove_if;32;40000;;41312;0.000311;
database.txt;246;41312;atomicAdd;32;40000;;41312;0.000332;
database.txt;247;41312;remove_if;32;40000;;41312;0.000240;
database.txt;247;41312;atomicAdd;32;40000;;41312;0.000238;
database.txt;248;41312;remove_if;32;40000;;41312;0.000460;
database.txt;248;41312;atomicAdd;32;40000;;41312;0.000369;
database.txt;249;41312;remove_if;32;40000;;41312;0.000286;
database.txt;249;41312;atomicAdd;32;40000;;41312;0.000273;
database.txt;250;41312;remove_if;32;40000;;41312;0.000232;
database.txt;250;41312;atomicAdd;32;40000;;41312;0.000946;
database.txt;251;41312;remove_if;32;40000;;41312;0.000271;
database.txt;251;41312;atomicAdd;32;40000;;41312;0.000352;
database.txt;252;41312;remove_if;32;40000;;41312;0.000249;
database.txt;252;41312;atomicAdd;32;40000;;41312;0.000305;
database.txt;253;41312;remove_if;32;40000;;41312;0.000336;
database.txt;253;41312;atomicAdd;32;40000;;41312;0.000774;
database.txt;254;41312;remove_if;32;40000;;41312;0.000294;
database.txt;254;41312;atomicAdd;32;40000;;41312;0.000370;
database.txt;255;41312;remove_if;32;40000;;41312;0.000250;
database.txt;255;41312;atomicAdd;32;40000;;41312;0.000321;
database.txt;256;41312;remove_if;32;40000;;41312;0.000251;
database.txt;256;41312;atomicAdd;32;40000;;41312;0.000243;
database.txt;257;41312;remove_if;32;40000;;41312;0.000308;
database.txt;257;41312;atomicAdd;32;40000;;41312;0.000300;
database.txt;258;41312;remove_if;32;40000;;41312;0.000444;
database.txt;258;41312;atomicAdd;32;40000;;41312;0.000501;
database.txt;259;41312;remove_if;32;40000;;41312;0.000279;
database.txt;259;41312;atomicAdd;32;40000;;41312;0.000329;
database.txt;260;41312;remove_if;32;40000;;41312;0.000294;
database.txt;260;41312;atomicAdd;32;40000;;41312;0.000349;
database.txt;261;41312;remove_if;32;40000;;41312;0.000253;
database.txt;261;41312;atomicAdd;32;40000;;41312;0.000270;
database.txt;262;41312;remove_if;32;40000;;41312;0.000247;
database.txt;262;41312;atomicAdd;32;40000;;41312;0.000271;
database.txt;263;41312;remove_if;32;40000;;41312;0.000297;
database.txt;263;41312;atomicAdd;32;40000;;41312;0.000445;
database.txt;264;41312;remove_if;32;40000;;41312;0.000284;
database.txt;264;41312;atomicAdd;32;40000;;41312;0.000276;
database.txt;265;41312;remove_if;32;40000;;41312;0.000356;
database.txt;265;41312;atomicAdd;32;40000;;41312;0.000280;
database.txt;266;41312;remove_if;32;40000;;41312;0.000437;
database.txt;266;41312;atomicAdd;32;40000;;41312;0.000279;
database.txt;267;41312;remove_if;32;40000;;41312;0.000301;
database.txt;267;41312;atomicAdd;32;40000;;41312;0.000281;
database.txt;268;41312;remove_if;32;40000;;41312;0.000329;
database.txt;268;41312;atomicAdd;32;40000;;41312;0.000276;
database.txt;269;41312;remove_if;32;40000;;41312;0.000252;
database.txt;269;41312;atomicAdd;32;40000;;41312;0.000251;
database.txt;270;41312;remove_if;32;40000;;41312;0.000222;
database.txt;270;41312;atomicAdd;32;40000;;41312;0.000219;
database.txt;271;41312;remove_if;32;40000;;41312;0.000364;
database.txt;271;41312;atomicAdd;32;40000;;41312;0.000246;
database.txt;272;41312;remove_if;32;40000;;41312;0.000246;
database.txt;272;41312;atomicAdd;32;40000;;41312;0.000239;
database.txt;273;41312;remove_if;32;40000;;41312;0.000322;
database.txt;273;41312;atomicAdd;32;40000;;41312;0.000325;
database.txt;274;41312;remove_if;32;40000;;41312;0.000250;
database.txt;274;41312;atomicAdd;32;40000;;41312;0.000245;
database.txt;275;41312;remove_if;32;40000;;41312;0.000295;
database.txt;275;41312;atomicAdd;32;40000;;41312;0.000243;
database.txt;276;41312;remove_if;32;40000;;41312;0.000253;
database.txt;276;41312;atomicAdd;32;40000;;41312;0.000262;
database.txt;277;41312;remove_if;32;40000;;41312;0.000416;
database.txt;277;41312;atomicAdd;32;40000;;41312;0.000281;
database.txt;278;41312;remove_if;32;40000;;41312;0.000239;
database.txt;278;41312;atomicAdd;32;40000;;41312;0.000267;
database.txt;279;41312;remove_if;32;40000;;41312;0.000478;
database.txt;279;41312;atomicAdd;32;40000;;41312;0.000286;
database.txt;280;41312;remove_if;32;40000;;41312;0.000296;
database.txt;280;41312;atomicAdd;32;40000;;41312;0.000266;
database.txt;281;41312;remove_if;32;40000;;41312;0.000370;
database.txt;281;41312;atomicAdd;32;40000;;41312;0.000248;
database.txt;282;41312;remove_if;32;40000;;41312;0.000332;
database.txt;282;41312;atomicAdd;32;40000;;41312;0.000245;
database.txt;283;41312;remove_if;32;40000;;41312;0.000223;
database.txt;283;41312;atomicAdd;32;40000;;41312;0.000356;
database.txt;284;41312;remove_if;32;40000;;41312;0.000253;
database.txt;284;41312;atomicAdd;32;40000;;41312;0.000334;
database.txt;285;41312;remove_if;32;40000;;41312;0.000270;
database.txt;285;41312;atomicAdd;32;40000;;41312;0.000254;
database.txt;286;41312;remove_if;32;40000;;41312;0.000245;
database.txt;286;41312;atomicAdd;32;40000;;41312;0.000264;
database.txt;287;41312;remove_if;32;40000;;41312;0.000274;
database.txt;287;41312;atomicAdd;32;40000;;41312;0.000253;
database.txt;288;41312;remove_if;32;40000;;41312;0.000545;
database.txt;288;41312;atomicAdd;32;40000;;41312;0.000274;
database.txt;289;41312;remove_if;32;40000;;41312;0.000307;
database.txt;289;41312;atomicAdd;32;40000;;41312;0.000299;
database.txt;290;41312;remove_if;32;40000;;41312;0.000362;
database.txt;290;41312;atomicAdd;32;40000;;41312;0.000278;
database.txt;291;41312;remove_if;32;40000;;41312;0.000263;
database.txt;291;41312;atomicAdd;32;40000;;41312;0.000266;
database.txt;292;41312;remove_if;32;40000;;41312;0.000272;
database.txt;292;41312;atomicAdd;32;40000;;41312;0.000266;
database.txt;293;41312;remove_if;32;40000;;41312;0.000422;
database.txt;293;41312;atomicAdd;32;40000;;41312;0.000306;
database.txt;294;41312;remove_if;32;40000;;41312;0.000266;
database.txt;294;41312;atomicAdd;32;40000;;41312;0.000257;
database.txt;295;41312;remove_if;32;40000;;41312;0.000312;
database.txt;295;41312;atomicAdd;32;40000;;41312;0.000303;
database.txt;296;41312;remove_if;32;40000;;41312;0.000254;
database.txt;296;41312;atomicAdd;32;40000;;41312;0.000254;
database.txt;297;41312;remove_if;32;40000;;41312;0.000264;
database.txt;297;41312;atomicAdd;32;40000;;41312;0.000270;
database.txt;298;41312;remove_if;32;40000;;41312;0.000311;
database.txt;298;41312;atomicAdd;32;40000;;41312;0.000309;
database.txt;299;41312;remove_if;32;40000;;41312;0.000336;
database.txt;299;41312;atomicAdd;32;40000;;41312;0.000298;
database.txt;300;41312;remove_if;32;40000;;41312;0.000313;
database.txt;300;41312;atomicAdd;32;40000;;41312;0.000331;
database.txt;301;41312;remove_if;32;40000;;41312;0.000264;
database.txt;301;41312;atomicAdd;32;40000;;41312;0.000243;
database.txt;302;41312;remove_if;32;40000;;41312;0.000242;
database.txt;302;41312;atomicAdd;32;40000;;41312;0.000391;
database.txt;303;41312;remove_if;32;40000;;41312;0.000241;
database.txt;303;41312;atomicAdd;32;40000;;41312;0.000244;
database.txt;304;41312;remove_if;32;40000;;41312;0.000309;
database.txt;304;41312;atomicAdd;32;40000;;41312;0.000275;
database.txt;305;41312;remove_if;32;40000;;41312;0.000378;
database.txt;305;41312;atomicAdd;32;40000;;41312;0.000231;
database.txt;306;41312;remove_if;32;40000;;41312;0.000265;
database.txt;306;41312;atomicAdd;32;40000;;41312;0.000250;
database.txt;307;41312;remove_if;32;40000;;41312;0.000305;
database.txt;307;41312;atomicAdd;32;40000;;41312;0.000318;
database.txt;308;41312;remove_if;32;40000;;41312;0.000270;
database.txt;308;41312;atomicAdd;32;40000;;41312;0.000274;
database.txt;309;41312;remove_if;32;40000;;41312;0.000248;
database.txt;309;41312;atomicAdd;32;40000;;41312;0.000270;
database.txt;310;41312;remove_if;32;40000;;41312;0.000232;
database.txt;310;41312;atomicAdd;32;40000;;41312;0.000276;
database.txt;311;41312;remove_if;32;40000;;41312;0.000336;
database.txt;311;41312;atomicAdd;32;40000;;41312;0.000398;
database.txt;312;41312;remove_if;32;40000;;41312;0.000272;
database.txt;312;41312;atomicAdd;32;40000;;41312;0.000270;
database.txt;313;41312;remove_if;32;40000;;41312;0.000290;
database.txt;313;41312;atomicAdd;32;40000;;41312;0.000264;
database.txt;314;41312;remove_if;32;40000;;41312;0.000279;
database.txt;314;41312;atomicAdd;32;40000;;41312;0.000240;
database.txt;315;41312;remove_if;32;40000;;41312;0.000287;
database.txt;315;41312;atomicAdd;32;40000;;41312;0.000269;
database.txt;316;41312;remove_if;32;40000;;41312;0.000294;
database.txt;316;41312;atomicAdd;32;40000;;41312;0.000355;
database.txt;317;41312;remove_if;32;40000;;41312;0.000431;
database.txt;317;41312;atomicAdd;32;40000;;41312;0.000269;
database.txt;318;41312;remove_if;32;40000;;41312;0.000261;
database.txt;318;41312;atomicAdd;32;40000;;41312;0.000240;
database.txt;319;41312;remove_if;32;40000;;41312;0.000265;
database.txt;319;41312;atomicAdd;32;40000;;41312;0.000234;
database.txt;320;41312;remove_if;32;40000;;41312;0.000255;
database.txt;320;41312;atomicAdd;32;40000;;41312;0.000274;
database.txt;321;41312;remove_if;32;40000;;41312;0.000339;
database.txt;321;41312;atomicAdd;32;40000;;41312;0.000438;
database.txt;322;41312;remove_if;32;40000;;41312;0.000333;
database.txt;322;41312;atomicAdd;32;40000;;41312;0.000438;
database.txt;323;41312;remove_if;32;40000;;41312;0.000251;
database.txt;323;41312;atomicAdd;32;40000;;41312;0.000252;
database.txt;324;41312;remove_if;32;40000;;41312;0.000243;
database.txt;324;41312;atomicAdd;32;40000;;41312;0.000254;
database.txt;325;41312;remove_if;32;40000;;41312;0.000245;
database.txt;325;41312;atomicAdd;32;40000;;41312;0.000299;
database.txt;326;41312;remove_if;32;40000;;41312;0.000465;
database.txt;326;41312;atomicAdd;32;40000;;41312;0.000401;
database.txt;327;41312;remove_if;32;40000;;41312;0.000246;
database.txt;327;41312;atomicAdd;32;40000;;41312;0.000880;
database.txt;328;41312;remove_if;32;40000;;41312;0.000361;
database.txt;328;41312;atomicAdd;32;40000;;41312;0.000381;
database.txt;329;41312;remove_if;32;40000;;41312;0.000340;
database.txt;329;41312;atomicAdd;32;40000;;41312;0.000381;
database.txt;330;41312;remove_if;32;40000;;41312;0.000437;
database.txt;330;41312;atomicAdd;32;40000;;41312;0.000590;
database.txt;331;41312;remove_if;32;40000;;41312;0.000370;
database.txt;331;41312;atomicAdd;32;40000;;41312;0.000302;
database.txt;332;41312;remove_if;32;40000;;41312;0.000404;
database.txt;332;41312;atomicAdd;32;40000;;41312;0.000305;
database.txt;333;41312;remove_if;32;40000;;41312;0.000306;
database.txt;333;41312;atomicAdd;32;40000;;41312;0.000293;
database.txt;334;41312;remove_if;32;40000;;41312;0.000312;
database.txt;334;41312;atomicAdd;32;40000;;41312;0.000350;
database.txt;335;41312;remove_if;32;40000;;41312;0.000351;
database.txt;335;41312;atomicAdd;32;40000;;41312;0.000306;
database.txt;336;41312;remove_if;32;40000;;41312;0.000522;
database.txt;336;41312;atomicAdd;32;40000;;41312;0.000414;
database.txt;337;41312;remove_if;32;40000;;41312;0.000308;
database.txt;337;41312;atomicAdd;32;40000;;41312;0.000478;
database.txt;338;41312;remove_if;32;40000;;41312;0.000708;
database.txt;338;41312;atomicAdd;32;40000;;41312;0.000377;
database.txt;339;41312;remove_if;32;40000;;41312;0.000330;
database.txt;339;41312;atomicAdd;32;40000;;41312;0.000401;
database.txt;340;41312;remove_if;32;40000;;41312;0.000349;
database.txt;340;41312;atomicAdd;32;40000;;41312;0.000449;
database.txt;341;41312;remove_if;32;40000;;41312;0.000376;
database.txt;341;41312;atomicAdd;32;40000;;41312;0.000358;
database.txt;342;41312;remove_if;32;40000;;41312;0.000457;
database.txt;342;41312;atomicAdd;32;40000;;41312;0.000702;
database.txt;343;41312;remove_if;32;40000;;41312;0.000370;
database.txt;343;41312;atomicAdd;32;40000;;41312;0.000331;
database.txt;344;41312;remove_if;32;40000;;41312;0.000330;
database.txt;344;41312;atomicAdd;32;40000;;41312;0.000351;
database.txt;345;41312;remove_if;32;40000;;41312;0.000273;
database.txt;345;41312;atomicAdd;32;40000;;41312;0.000260;
database.txt;346;41312;remove_if;32;40000;;41312;0.000283;
database.txt;346;41312;atomicAdd;32;40000;;41312;0.000275;
database.txt;347;41312;remove_if;32;40000;;41312;0.000494;
database.txt;347;41312;atomicAdd;32;40000;;41312;0.000365;
database.txt;348;41312;remove_if;32;40000;;41312;0.000291;
database.txt;348;41312;atomicAdd;32;40000;;41312;0.000366;
database.txt;349;41312;remove_if;32;40000;;41312;0.000723;
database.txt;349;41312;atomicAdd;32;40000;;41312;0.000305;
database.txt;350;41312;remove_if;32;40000;;41312;0.000252;
database.txt;350;41312;atomicAdd;32;40000;;41312;0.000296;
database.txt;351;41312;remove_if;32;40000;;41312;0.000323;
database.txt;351;41312;atomicAdd;32;40000;;41312;0.000314;
database.txt;352;41312;remove_if;32;40000;;41312;0.000259;
database.txt;352;41312;atomicAdd;32;40000;;41312;0.000246;
database.txt;353;41312;remove_if;32;40000;;41312;0.000355;
database.txt;353;41312;atomicAdd;32;40000;;41312;0.000272;
database.txt;354;41312;remove_if;32;40000;;41312;0.000285;
database.txt;354;41312;atomicAdd;32;40000;;41312;0.000287;
database.txt;355;41312;remove_if;32;40000;;41312;0.000297;
database.txt;355;41312;atomicAdd;32;40000;;41312;0.000294;
database.txt;356;41312;remove_if;32;40000;;41312;0.000281;
database.txt;356;41312;atomicAdd;32;40000;;41312;0.000281;
database.txt;357;41312;remove_if;32;40000;;41312;0.000403;
database.txt;357;41312;atomicAdd;32;40000;;41312;0.000322;
database.txt;358;41312;remove_if;32;40000;;41312;0.000373;
database.txt;358;41312;atomicAdd;32;40000;;41312;0.000310;
database.txt;359;41312;remove_if;32;40000;;41312;0.000239;
database.txt;359;41312;atomicAdd;32;40000;;41312;0.000264;
database.txt;360;41312;remove_if;32;40000;;41312;0.000270;
database.txt;360;41312;atomicAdd;32;40000;;41312;0.000258;
database.txt;361;41312;remove_if;32;40000;;41312;0.000466;
database.txt;361;41312;atomicAdd;32;40000;;41312;0.000791;
database.txt;362;41312;remove_if;32;40000;;41312;0.000319;
database.txt;362;41312;atomicAdd;32;40000;;41312;0.000290;
database.txt;363;41312;remove_if;32;40000;;41312;0.000316;
database.txt;363;41312;atomicAdd;32;40000;;41312;0.000309;
database.txt;364;41312;remove_if;32;40000;;41312;0.000287;
database.txt;364;41312;atomicAdd;32;40000;;41312;0.000329;
database.txt;365;41312;remove_if;32;40000;;41312;0.001063;
database.txt;365;41312;atomicAdd;32;40000;;41312;0.000266;
database.txt;366;41312;remove_if;32;40000;;41312;0.000400;
database.txt;366;41312;atomicAdd;32;40000;;41312;0.000367;
database.txt;367;41312;remove_if;32;40000;;41312;0.000318;
database.txt;367;41312;atomicAdd;32;40000;;41312;0.000274;
database.txt;368;41312;remove_if;32;40000;;41312;0.000312;
database.txt;368;41312;atomicAdd;32;40000;;41312;0.000288;
database.txt;369;41312;remove_if;32;40000;;41312;0.000368;
database.txt;369;41312;atomicAdd;32;40000;;41312;0.000291;
database.txt;370;41312;remove_if;32;40000;;41312;0.000308;
database.txt;370;41312;atomicAdd;32;40000;;41312;0.000287;
database.txt;371;41312;remove_if;32;40000;;41312;0.000365;
database.txt;371;41312;atomicAdd;32;40000;;41312;0.000760;
database.txt;372;41312;remove_if;32;40000;;41312;0.000287;
database.txt;372;41312;atomicAdd;32;40000;;41312;0.000326;
database.txt;373;41312;remove_if;32;40000;;41312;0.000363;
database.txt;373;41312;atomicAdd;32;40000;;41312;0.000295;
database.txt;374;41312;remove_if;32;40000;;41312;0.000404;
database.txt;374;41312;atomicAdd;32;40000;;41312;0.000275;
database.txt;375;41312;remove_if;32;40000;;41312;0.000353;
database.txt;375;41312;atomicAdd;32;40000;;41312;0.000489;
database.txt;376;41312;remove_if;32;40000;;41312;0.000250;
database.txt;376;41312;atomicAdd;32;40000;;41312;0.000641;
database.txt;377;41312;remove_if;32;40000;;41312;0.000325;
database.txt;377;41312;atomicAdd;32;40000;;41312;0.000254;
database.txt;378;41312;remove_if;32;40000;;41312;0.000272;
database.txt;378;41312;atomicAdd;32;40000;;41312;0.000255;
database.txt;379;41312;remove_if;32;40000;;41312;0.000455;
database.txt;379;41312;atomicAdd;32;40000;;41312;0.000276;
database.txt;0;206451616;remove_if;32;200000000;;206451616;0.027843;
database.txt;0;206451616;atomicAdd;32;200000000;;206451616;0.034807;
database.txt;1;206451616;remove_if;32;200000000;;206451616;0.025856;
database.txt;1;206451616;atomicAdd;32;200000000;;206451616;0.032263;
database.txt;2;206451616;remove_if;32;200000000;;206451616;0.025345;
database.txt;2;206451616;atomicAdd;32;200000000;;206451616;0.028981;
database.txt;3;206451616;remove_if;32;200000000;;206451616;0.025354;
database.txt;3;206451616;atomicAdd;32;200000000;;206451616;0.028960;
database.txt;4;206451616;remove_if;32;200000000;;206451616;0.025002;
database.txt;4;206451616;atomicAdd;32;200000000;;206451616;0.029595;
database.txt;5;206451616;remove_if;32;200000000;;206451616;0.026838;
database.txt;5;206451616;atomicAdd;32;200000000;;206451616;0.029287;
database.txt;6;206451616;remove_if;32;200000000;;206451616;0.024932;
database.txt;6;206451616;atomicAdd;32;200000000;;206451616;0.029995;
database.txt;7;206451616;remove_if;32;200000000;;206451616;0.025279;
database.txt;7;206451616;atomicAdd;32;200000000;;206451616;0.028776;
database.txt;8;206451616;remove_if;32;200000000;;206451616;0.025092;
database.txt;8;206451616;atomicAdd;32;200000000;;206451616;0.030553;
database.txt;9;206451616;remove_if;32;200000000;;206451616;0.025524;
database.txt;9;206451616;atomicAdd;32;200000000;;206451616;0.029668;
database.txt;10;206451616;remove_if;32;200000000;;206451616;0.028716;
database.txt;10;206451616;atomicAdd;32;200000000;;206451616;0.031447;
database.txt;11;206451616;remove_if;32;200000000;;206451616;0.027764;
database.txt;11;206451616;atomicAdd;32;200000000;;206451616;0.030153;
database.txt;12;206451616;remove_if;32;200000000;;206451616;0.030998;
database.txt;12;206451616;atomicAdd;32;200000000;;206451616;0.030190;
database.txt;13;206451616;remove_if;32;200000000;;206451616;0.026326;
database.txt;13;206451616;atomicAdd;32;200000000;;206451616;0.032284;
database.txt;14;206451616;remove_if;32;200000000;;206451616;0.026001;
database.txt;14;206451616;atomicAdd;32;200000000;;206451616;0.030144;
database.txt;15;206451616;remove_if;32;200000000;;206451616;0.026255;
database.txt;15;206451616;atomicAdd;32;200000000;;206451616;0.030613;
database.txt;16;206451616;remove_if;32;200000000;;206451616;0.026391;
database.txt;16;206451616;atomicAdd;32;200000000;;206451616;0.033308;
database.txt;17;206451616;remove_if;32;200000000;;206451616;0.027756;
database.txt;17;206451616;atomicAdd;32;200000000;;206451616;0.031299;
database.txt;18;206451616;remove_if;32;200000000;;206451616;0.029570;
database.txt;18;206451616;atomicAdd;32;200000000;;206451616;0.032881;
database.txt;19;206451616;remove_if;32;200000000;;206451616;0.026606;
database.txt;19;206451616;atomicAdd;32;200000000;;206451616;0.032216;
database.txt;20;206451616;remove_if;32;200000000;;206451616;0.025974;
database.txt;20;206451616;atomicAdd;32;200000000;;206451616;0.030072;
database.txt;21;206451616;remove_if;32;200000000;;206451616;0.026029;
database.txt;21;206451616;atomicAdd;32;200000000;;206451616;0.030405;
database.txt;22;206451616;remove_if;32;200000000;;206451616;0.026104;
database.txt;22;206451616;atomicAdd;32;200000000;;206451616;0.030431;
database.txt;23;206451616;remove_if;32;200000000;;206451616;0.027533;
database.txt;23;206451616;atomicAdd;32;200000000;;206451616;0.031223;
database.txt;24;206451616;remove_if;32;200000000;;206451616;0.032077;
database.txt;24;206451616;atomicAdd;32;200000000;;206451616;0.036118;
database.txt;25;206451616;remove_if;32;200000000;;206451616;0.037683;
database.txt;25;206451616;atomicAdd;32;200000000;;206451616;0.034451;
database.txt;26;206451616;remove_if;32;200000000;;206451616;0.028537;
database.txt;26;206451616;atomicAdd;32;200000000;;206451616;0.031240;
database.txt;27;206451616;remove_if;32;200000000;;206451616;0.029791;
database.txt;27;206451616;atomicAdd;32;200000000;;206451616;0.033434;
database.txt;28;206451616;remove_if;32;200000000;;206451616;0.028150;
database.txt;28;206451616;atomicAdd;32;200000000;;206451616;0.033292;
database.txt;29;206451616;remove_if;32;200000000;;206451616;0.031155;
database.txt;29;206451616;atomicAdd;32;200000000;;206451616;0.035626;
database.txt;30;206451616;remove_if;32;200000000;;206451616;0.027713;
database.txt;30;206451616;atomicAdd;32;200000000;;206451616;0.033824;
database.txt;31;206451616;remove_if;32;200000000;;206451616;0.031373;
database.txt;31;206451616;atomicAdd;32;200000000;;206451616;0.034224;
database.txt;32;206451616;remove_if;32;200000000;;206451616;0.028215;
database.txt;32;206451616;atomicAdd;32;200000000;;206451616;0.030385;
database.txt;33;206451616;remove_if;32;200000000;;206451616;0.027377;
database.txt;33;206451616;atomicAdd;32;200000000;;206451616;0.031363;
database.txt;34;206451616;remove_if;32;200000000;;206451616;0.025887;
database.txt;34;206451616;atomicAdd;32;200000000;;206451616;0.030165;
database.txt;35;206451616;remove_if;32;200000000;;206451616;0.025515;
database.txt;35;206451616;atomicAdd;32;200000000;;206451616;0.030079;
database.txt;36;206451616;remove_if;32;200000000;;206451616;0.026023;
database.txt;36;206451616;atomicAdd;32;200000000;;206451616;0.030241;
database.txt;37;206451616;remove_if;32;200000000;;206451616;0.026228;
database.txt;37;206451616;atomicAdd;32;200000000;;206451616;0.031189;
database.txt;38;206451616;remove_if;32;200000000;;206451616;0.031289;
database.txt;38;206451616;atomicAdd;32;200000000;;206451616;0.031107;
database.txt;39;206451616;remove_if;32;200000000;;206451616;0.029917;
database.txt;39;206451616;atomicAdd;32;200000000;;206451616;0.034931;
database.txt;40;206451616;remove_if;32;200000000;;206451616;0.025880;
database.txt;40;206451616;atomicAdd;32;200000000;;206451616;0.030094;
database.txt;41;206451616;remove_if;32;200000000;;206451616;0.026816;
database.txt;41;206451616;atomicAdd;32;200000000;;206451616;0.031028;
database.txt;42;206451616;remove_if;32;200000000;;206451616;0.026845;
database.txt;42;206451616;atomicAdd;32;200000000;;206451616;0.029869;
database.txt;43;206451616;remove_if;32;200000000;;206451616;0.026309;
database.txt;43;206451616;atomicAdd;32;200000000;;206451616;0.032232;
database.txt;0;412903232;remove_if;32;400000000;;412903232;0.051585;
database.txt;0;412903232;atomicAdd;32;400000000;;412903232;0.064989;
database.txt;1;412903232;remove_if;32;400000000;;412903232;0.050897;
database.txt;1;412903232;atomicAdd;32;400000000;;412903232;0.063097;
database.txt;2;412903232;remove_if;32;400000000;;412903232;0.052289;
database.txt;2;412903232;atomicAdd;32;400000000;;412903232;0.062449;
database.txt;3;412903232;remove_if;32;400000000;;412903232;0.049497;
database.txt;3;412903232;atomicAdd;32;400000000;;412903232;0.063805;
database.txt;4;412903232;remove_if;32;400000000;;412903232;0.053368;
database.txt;4;412903232;atomicAdd;32;400000000;;412903232;0.062426;
database.txt;5;412903232;remove_if;32;400000000;;412903232;0.050583;
database.txt;5;412903232;atomicAdd;32;400000000;;412903232;0.066617;
database.txt;6;412903232;remove_if;32;400000000;;412903232;0.054675;
database.txt;6;412903232;atomicAdd;32;400000000;;412903232;0.066161;
database.txt;7;412903232;remove_if;32;400000000;;412903232;0.055304;
database.txt;7;412903232;atomicAdd;32;400000000;;412903232;0.061342;
database.txt;8;412903232;remove_if;32;400000000;;412903232;0.051771;
database.txt;8;412903232;atomicAdd;32;400000000;;412903232;0.060812;
database.txt;9;412903232;remove_if;32;400000000;;412903232;0.051458;
database.txt;9;412903232;atomicAdd;32;400000000;;412903232;0.063716;
database.txt;10;412903232;remove_if;32;400000000;;412903232;0.053219;
database.txt;10;412903232;atomicAdd;32;400000000;;412903232;0.066909;
database.txt;11;412903232;remove_if;32;400000000;;412903232;0.054246;
database.txt;11;412903232;atomicAdd;32;400000000;;412903232;0.066112;
database.txt;12;412903232;remove_if;32;400000000;;412903232;0.051615;
database.txt;12;412903232;atomicAdd;32;400000000;;412903232;0.064919;
database.txt;13;412903232;remove_if;32;400000000;;412903232;0.061515;
database.txt;13;412903232;atomicAdd;32;400000000;;412903232;0.067465;
database.txt;14;412903232;remove_if;32;400000000;;412903232;0.050298;
database.txt;14;412903232;atomicAdd;32;400000000;;412903232;0.061476;
database.txt;15;412903232;remove_if;32;400000000;;412903232;0.051058;
database.txt;15;412903232;atomicAdd;32;400000000;;412903232;0.061286;
database.txt;16;412903232;remove_if;32;400000000;;412903232;0.049715;
database.txt;16;412903232;atomicAdd;32;400000000;;412903232;0.061800;
database.txt;17;412903232;remove_if;32;400000000;;412903232;0.050151;
database.txt;17;412903232;atomicAdd;32;400000000;;412903232;0.063640;
database.txt;18;412903232;remove_if;32;400000000;;412903232;0.050502;
database.txt;18;412903232;atomicAdd;32;400000000;;412903232;0.059977;
database.txt;19;412903232;remove_if;32;400000000;;412903232;0.050258;
database.txt;19;412903232;atomicAdd;32;400000000;;412903232;0.060406;
database.txt;20;412903232;remove_if;32;400000000;;412903232;0.051494;
database.txt;20;412903232;atomicAdd;32;400000000;;412903232;0.060289;
database.txt;21;412903232;remove_if;32;400000000;;412903232;0.049499;
database.txt;21;412903232;atomicAdd;32;400000000;;412903232;0.061928;
database.txt;22;412903232;remove_if;32;400000000;;412903232;0.049634;
database.txt;22;412903232;atomicAdd;32;400000000;;412903232;0.067557;
database.txt;23;412903232;remove_if;32;400000000;;412903232;0.050696;
database.txt;23;412903232;atomicAdd;32;400000000;;412903232;0.062198;
database.txt;24;412903232;remove_if;32;400000000;;412903232;0.052418;
database.txt;24;412903232;atomicAdd;32;400000000;;412903232;0.062822;
database.txt;25;412903232;remove_if;32;400000000;;412903232;0.052036;
database.txt;25;412903232;atomicAdd;32;400000000;;412903232;0.063405;
database.txt;26;412903232;remove_if;32;400000000;;412903232;0.051960;
database.txt;26;412903232;atomicAdd;32;400000000;;412903232;0.062302;
database.txt;27;412903232;remove_if;32;400000000;;412903232;0.052825;
database.txt;27;412903232;atomicAdd;32;400000000;;412903232;0.064451;
database.txt;28;412903232;remove_if;32;400000000;;412903232;0.051006;
database.txt;28;412903232;atomicAdd;32;400000000;;412903232;0.062273;
database.txt;29;412903232;remove_if;32;400000000;;412903232;0.055493;
database.txt;29;412903232;atomicAdd;32;400000000;;412903232;0.063244;
database.txt;30;412903232;remove_if;32;400000000;;412903232;0.054617;
database.txt;30;412903232;atomicAdd;32;400000000;;412903232;0.064460;
database.txt;31;412903232;remove_if;32;400000000;;412903232;0.052747;
database.txt;31;412903232;atomicAdd;32;400000000;;412903232;0.065952;
database.txt;32;412903232;remove_if;32;400000000;;412903232;0.053805;
database.txt;32;412903232;atomicAdd;32;400000000;;412903232;0.061705;
